{
    "": 0,
    "north": 1,
    "south": 2,
    "ask other about graffiti": 3,
    "put yo-yo down": 4,
    "take card": 5,
    "put card down": 6,
    "pull red": 7,
    "take off long": 8,
    "take off floppy": 9,
    "put long down": 10,
    "i": 11,
    "west": 12,
    "remove jacket": 13,
    "take all": 14,
    "put jacket down": 15,
    "take jacket": 16,
    "drop jacket": 17,
    "put on jacket": 18,
    "take off jacket": 19,
    "undo drawer": 20,
    "drop yo-yo": 21,
    "east": 22,
    "take match": 23,
    "drop key": 24,
    "put floppy down": 25,
    "e": 26,
    "put scarf on workbench": 27,
    "close door": 28,
    "open door": 29,
    "push workbench": 30,
    "undo toolkit": 31,
    "put toolkit down": 32,
    "s": 33,
    "close toolkit": 34,
    "get toolkit": 35,
    "open toolkit": 36,
    "put screwdriver on workbench": 37,
    "put on floppy": 38,
    "get screwdriver": 39,
    "put scarf down": 40,
    "get homing": 41,
    "undo cupboard": 42,
    "put floppy in toolkit": 43,
    "push floppy to cupboard": 44,
    "x homing": 45,
    "put scarf in toolkit": 46,
    "put floppy on workbench": 47,
    "put gold on workbench": 48,
    "turn on homing": 49,
    "put gold in toolkit": 50,
    "open cupboard": 51,
    "put cloth down": 52,
    "get pouch": 53,
    "push floppy to workbench": 54,
    "open pouch": 55,
    "close cloth": 56,
    "put pouch in toolkit": 57,
    "put screwdriver in toolkit": 58,
    "push screwdriver to toolkit": 59,
    "n": 60,
    "push cloth to scarf": 61,
    "undo cloth": 62,
    "w": 63,
    "put long in tardis": 64,
    "x scanner": 65,
    "put screwdriver down": 66,
    "pull lever": 67,
    "take cloth": 68,
    "put homing in toolkit": 69,
    "push cloth to east": 70,
    "nw": 71,
    "put device down": 72,
    "ne": 73,
    "push card to scarf": 74,
    "u": 75,
    "put on scarf": 76,
    "search ruins": 77,
    "push cloth to toolkit": 78,
    "take on steps": 79,
    "get scalpel": 80,
    "put scalpel in toolkit": 81,
    "push card to east": 82,
    "d": 83,
    "push scalpel to long": 84,
    "put sonic in toolkit": 85,
    "push card to cloth": 86,
    "push scalpel to toolkit": 87,
    "take scalpel": 88,
    "put sonic down": 89,
    "x creature": 90,
    "x globe": 91,
    "se": 92,
    "take on southwest": 93,
    "take on southeast": 94,
    "sw": 95,
    "put scarf in tardis": 96,
    "put gold down": 97,
    "push scalpel to east": 98,
    "push cloth to lake": 99,
    "push cloth to long": 100,
    "put long in toolkit": 101,
    "put homing down": 102,
    "read sign": 103,
    "down": 104,
    "take off scarf": 105,
    "tie scarf to signpost": 106,
    "climb scarf": 107,
    "push card to hatch": 108,
    "turn homing off": 109,
    "put hatch down": 110,
    "open hatch with screwdriver": 111,
    "get battery": 112,
    "put flying down": 113,
    "take brown": 114,
    "put homing in hatch": 115,
    "push card to toolkit": 116,
    "take battery": 117,
    "close hatch": 118,
    "climb withered": 119,
    "take branch": 120,
    "close battery": 121,
    "push cloth to card": 122,
    "push sonic to card": 123,
    "x tree": 124,
    "put scalpel down": 125,
    "climb tree": 126,
    "put battery in toolkit": 127,
    "take sonic": 128,
    "get branch": 129,
    "put battery down": 130,
    "push scalpel to card": 131,
    "close tardis": 132,
    "push card to floppy": 133,
    "push sonic to toolkit": 134,
    "take on northwest": 135,
    "put withered down": 136,
    "push card to lake": 137,
    "fill battery": 138,
    "push card to long": 139,
    "get scarf": 140,
    "put on long": 141,
    "lock tardis with screwdriver": 142,
    "push scalpel to button": 143,
    "take gold": 144,
    "take key": 145,
    "enter tardis": 146,
    "push sonic to door": 147,
    "drop scarf": 148,
    "push sonic to east": 149,
    "light match with scalpel": 150,
    "get match": 151,
    "take floppy": 152,
    "put match in toolkit": 153,
    "put battery in panel": 154,
    "close panel": 155,
    "x k9": 156,
    "take yo-yo": 157,
    "undo tiny": 158,
    "push floppy to button": 159,
    "x console": 160,
    "push match to toolkit": 161,
    "push cloth to button": 162,
    "open drawer": 163,
    "take scarf": 164,
    "get link": 165,
    "ask k9 about k9": 166,
    "k9, follow me": 167,
    "take unlit": 168,
    "put link in toolkit": 169,
    "k9, shoot boulder": 170,
    "push match to card": 171,
    "put unlit down": 172,
    "get stone": 173,
    "put silvery down": 174,
    "take silvery": 175,
    "get firework": 176,
    "put firework in toolkit": 177,
    "push match to pouch": 178,
    "open tapestry": 179,
    "push scalpel to doors": 180,
    "put link in chalice": 181,
    "push card to pouch": 182,
    "open shield": 183,
    "take link": 184,
    "put stone in fire": 185,
    "put link in golden": 186,
    "push pouch to toolkit": 187,
    "close shield": 188,
    "close pouch": 189,
    "take pouch": 190,
    "push sonic to cloth": 191,
    "close link": 192,
    "push match to cloth": 193,
    "close tapestry": 194,
    "push firework to toolkit": 195,
    "put withered in tiny": 196,
    "take screwdriver": 197,
    "push boulder": 198,
    "take firework": 199,
    "put branch under boulder": 200,
    "pull branch": 201,
    "push screwdriver to card": 202,
    "push firework to button": 203,
    "put link in drawer": 204,
    "push gold to toolkit": 205,
    "close drawer": 206,
    "x slot": 207,
    "get brown": 208,
    "push screwdriver to button": 209,
    "drop brown": 210,
    "get gold": 211,
    "put gold in slot": 212,
    "z": 213,
    "push button": 214,
    "light torch with landmine": 215,
    "push card to table": 216,
    "open hatch": 217,
    "put torch on table": 218,
    "put withered on table": 219,
    "get torch": 220,
    "push torch to table": 221,
    "get mine": 222,
    "push torch to toolkit": 223,
    "put all in toolkit": 224,
    "put landmine down": 225,
    "light torch with cloth": 226,
    "light torch with match": 227,
    "ask k9 about door": 228,
    "turn torch on": 229,
    "x bubble": 230,
    "drop mine": 231,
    "take torch": 232,
    "drop branch": 233,
    "push card to ceiling": 234,
    "take on floor": 235,
    "take on hatch": 236,
    "light torch with screwdriver": 237,
    "push sonic to unlit": 238,
    "turn on torch": 239,
    "take on northeast": 240,
    "x plate": 241,
    "open catch": 242,
    "push cloth to unlit": 243,
    "push cloth to torch": 244,
    "push cloth to disposal": 245,
    "turn off torch": 246,
    "light torch with firework": 247,
    "undo link": 248,
    "push drawer": 249,
    "undo door": 250,
    "put key on workbench": 251,
    "take toolkit": 252,
    "push gold to door": 253,
    "turn gold on": 254,
    "put toolkit on workbench": 255,
    "turn gold off": 256,
    "push floppy to door": 257,
    "put key in toolkit": 258,
    "turn device on": 259,
    "take yo": 260,
    "put yo down": 261,
    "put card in slot": 262,
    "put key down": 263,
    "put match down": 264,
    "light match with jacket": 265,
    "take long": 266,
    "put link down": 267,
    "undo fluid": 268,
    "put link in tardis": 269,
    "lock tardis with floppy": 270,
    "take narrow": 271,
    "look east": 272,
    "look around barred": 273,
    "southeast": 274,
    "close off thumb": 275,
    "help midget": 276,
    "put on mask": 277,
    "northwest": 278,
    "look at flower": 279,
    "put down mask": 280,
    "take mask": 281,
    "take on car": 282,
    "break munrab with taft": 283,
    "look around taft": 284,
    "look around figure": 285,
    "hide behind president": 286,
    "push on ignitiswitch": 287,
    "close off figure": 288,
    "listen to conversation": 289,
    "again": 290,
    "ask guard about pair": 291,
    "knock at door": 292,
    "put down pole": 293,
    "take pole": 294,
    "look west": 295,
    "look down cage": 296,
    "up": 297,
    "look directions": 298,
    "drop mask": 299,
    "look around tightrope": 300,
    "put pole around tightrope": 301,
    "put pole in balloon": 302,
    "take balloon": 303,
    "push on balloon": 304,
    "put down balloon": 305,
    "put balloon around floor": 306,
    "open balloon": 307,
    "breath helium": 308,
    "break balloon with mask": 309,
    "untie balloon": 310,
    "northeast": 311,
    "inhale helium": 312,
    "guard, hello": 313,
    "close dilapidated": 314,
    "wear clown mask": 315,
    "look down black": 316,
    "knock on door": 317,
    "put tray around lower": 318,
    "break voice with thumb": 319,
    "put thumb around lower": 320,
    "take ash tray": 321,
    "put pole around lower": 322,
    "search ash": 323,
    "take in pleated": 324,
    "take on automobile": 325,
    "take scrap": 326,
    "search tray": 327,
    "go under wall": 328,
    "put newsprint in barred": 329,
    "look north": 330,
    "put down newsprint": 331,
    "look southwest": 332,
    "push on blue": 333,
    "search garbage": 334,
    "cut southwest with blue": 335,
    "take ticket": 336,
    "take passage": 337,
    "cut side with blue": 338,
    "cut grandstand with blue": 339,
    "punch out blue dot": 340,
    "cut banner with blue": 341,
    "cut turnstile with blue": 342,
    "cut fountain with blue": 343,
    "cut pole with blue": 344,
    "cut keister with pink": 345,
    "put down pink": 346,
    "put ticket in slot": 347,
    "cut pitchman with pink": 348,
    "cut east with blue": 349,
    "throw pole at menagerie": 350,
    "ask pitchman about dr nostrum": 351,
    "cut straw with blue": 352,
    "put down blue": 353,
    "put pole around cage": 354,
    "cut cage with blue": 355,
    "put blue around cage": 356,
    "open cage with key": 357,
    "lock cage": 358,
    "look into cage": 359,
    "put blue in elephant": 360,
    "cut newsprint with dot": 361,
    "take keys with pole": 362,
    "cut pole with dot": 363,
    "unlock door": 364,
    "put newsprint in bucket": 365,
    "take newsprint": 366,
    "cut meat with blue": 367,
    "put newsprint around cage": 368,
    "put key around cage": 369,
    "take bucket": 370,
    "look southeast": 371,
    "cut banner with pink": 372,
    "invent": 373,
    "take meat": 374,
    "put blue in bucket": 375,
    "cut barred with blue": 376,
    "cut high with blue": 377,
    "break meat with taft": 378,
    "put scrap around wood": 379,
    "cut meat with pink": 380,
    "cut key with pink": 381,
    "put pink in bucket": 382,
    "put down key": 383,
    "cut bucket with blue": 384,
    "cut sign with blue": 385,
    "cut fence with pink": 386,
    "put key in compartment": 387,
    "cut camp with blue": 388,
    "unlock compartment": 389,
    "cut lone with blue": 390,
    "put bucket in compartment": 391,
    "open compartment": 392,
    "cut bullwhip with blue": 393,
    "cut dark with blue": 394,
    "take whip": 395,
    "put key in bucket": 396,
    "cut fountain with pink": 397,
    "cut bullwhip with pink": 398,
    "put down bullwhip": 399,
    "cut midway with blue": 400,
    "put bullwhip in bucket": 401,
    "cut southeast with pink": 402,
    "cut scrap with pink": 403,
    "cut newsprint with blue": 404,
    "enter southeast": 405,
    "take stool": 406,
    "put down meat": 407,
    "cut midway with pink": 408,
    "cut tent with pink": 409,
    "put down stool": 410,
    "put down bucket": 411,
    "cut pole with pink": 412,
    "cut smooth-bodied with pink": 413,
    "cut north with blue": 414,
    "unlock cage": 415,
    "cut bars with pink": 416,
    "open cage": 417,
    "cut shaggy with pink": 418,
    "cut smooth with pink": 419,
    "whip smooth lion": 420,
    "cut southern with pink": 421,
    "put stool in grate": 422,
    "put pink in grate": 423,
    "look southern": 424,
    "push on grate": 425,
    "lift grate": 426,
    "cut grandstands with pink": 427,
    "cut grate with pink": 428,
    "throw meat in passage": 429,
    "cut ladder with pink": 430,
    "put key around stand": 431,
    "cut case with pink": 432,
    "take on stand": 433,
    "lower grate": 434,
    "put down scrap": 435,
    "search stand": 436,
    "cut turnstile with pink": 437,
    "put stool in bucket": 438,
    "put key in barred": 439,
    "cut key with blue": 440,
    "open case": 441,
    "cut skeletkey with blue": 442,
    "put bullwhip in barred": 443,
    "give case to harry": 444,
    "cut west with pink": 445,
    "cut case with blue": 446,
    "cut andrew with blue": 447,
    "cut jenny with blue": 448,
    "cut stool with blue": 449,
    "cut apparel with blue": 450,
    "put down case": 451,
    "show case to jenny": 452,
    "give case to jenny": 453,
    "cut tuxedo with blue": 454,
    "look around loud": 455,
    "look around blues": 456,
    "give ticket to rimshaw": 457,
    "rimshaw, hypnotise me": 458,
    "wait": 459,
    "look around uniform": 460,
    "take out blues": 461,
    "buy candy from hawker": 462,
    "look at east": 463,
    "give money to hawker": 464,
    "stand": 465,
    "look at grandstand": 466,
    "look uniform": 467,
    "take on long": 468,
    "wait in long": 469,
    "take down long": 470,
    "stand in line": 471,
    "wake suckers": 472,
    "put ticket in bucket": 473,
    "cut parlor with blue": 474,
    "look around sofa": 475,
    "get out of long line": 476,
    "look at concession": 477,
    "take in jerry": 478,
    "stand in short line": 479,
    "take down sofa": 480,
    "look around monkey": 481,
    "enter": 482,
    "take out line": 483,
    "yes": 484,
    "stand in long line": 485,
    "bite banana": 486,
    "ask hawker about uniform": 487,
    "drop banana": 488,
    "take in grandstand": 489,
    "ask hawker about candy": 490,
    "enter west": 491,
    "cut sofa with blue": 492,
    "cut chandelier with blue": 493,
    "look down sofa": 494,
    "look at chandelier": 495,
    "look around side": 496,
    "take bar": 497,
    "put down bar": 498,
    "cut hand with pink": 499,
    "put bar in bucket": 500,
    "show bar to tina": 501,
    "cut lady with blue": 502,
    "tina, hello": 503,
    "shake hands": 504,
    "cut bucket with pink": 505,
    "put transistor in bucket": 506,
    "put down transistor": 507,
    "take radio": 508,
    "cut elephant with pink": 509,
    "put pole in elephant": 510,
    "cut cage with pink": 511,
    "put transistor around cage": 512,
    "look around headphones": 513,
    "look down transistor": 514,
    "take headphones": 515,
    "drop all except radio": 516,
    "turn off transistor": 517,
    "close headphones": 518,
    "put down headphones": 519,
    "throw radio at pair": 520,
    "take down tent": 521,
    "put down pair": 522,
    "look around dial": 523,
    "look around pair": 524,
    "set radio to 1170": 525,
    "close pair": 526,
    "turn radio off": 527,
    "throw pair": 528,
    "rewind tape": 529,
    "throw hands off tent": 530,
    "throw transistor at headphones": 531,
    "play tape": 532,
    "turn on transistor": 533,
    "take on tent": 534,
    "throw pair at dial": 535,
    "throw pair at transistor": 536,
    "take pair": 537,
    "turn radio on": 538,
    "take midget": 539,
    "jump across unstable": 540,
    "take down safety": 541,
    "southwest": 542,
    "close off little": 543,
    "put down thumb": 544,
    "put pole in barred": 545,
    "look around dark": 546,
    "look at sword with small": 547,
    "GET LAMP AND SWORD": 548,
    "put down sword": 549,
    "S": 550,
    "turn on lamp": 551,
    "throw sword at dark": 552,
    "LIGHT LAMP": 553,
    "take matchbook from table": 554,
    "SE": 555,
    "put opener in teapot": 556,
    "ENTER GAZEBO": 557,
    "look around delicate": 558,
    "GET TEAPOT, MAT, LETTER OPENER, MATCHBOOK AND PAPER": 559,
    "put down matchbook": 560,
    "OUT": 561,
    "turn on matchbook with light": 562,
    "throw sword at light": 563,
    "W": 564,
    "put opener on mat": 565,
    "SW": 566,
    "throw opener at light": 567,
    "N": 568,
    "put down mat": 569,
    "throw light at teapot": 570,
    "put teapot on mat": 571,
    "put matchbook on mat": 572,
    "shake teapot": 573,
    "FILL POT WITH WATER": 574,
    "climb down ravine": 575,
    "put mat under wooden": 576,
    "U": 577,
    "put down teapot": 578,
    "OPEN LID": 579,
    "pour light from teapot": 580,
    "PUT MAT UNDER DOOR": 581,
    "take mat": 582,
    "PUT OPENER IN KEYHOLE": 583,
    "REMOVE OPENER AND DROP IT": 584,
    "put down light": 585,
    "PULL MAT": 586,
    "strike matchbook": 587,
    "GET KEY": 588,
    "take out light": 589,
    "UNLOCK DOOR WITH KEY": 590,
    "open lid with light": 591,
    "OPEN DOOR": 592,
    "look around wall": 593,
    "DROP KEY": 594,
    "put sphere on table": 595,
    "throw sword at sphere": 596,
    "GET BLUE SPHERE": 597,
    "put down sphere": 598,
    "D": 599,
    "look around sphere": 600,
    "pour light from sphere": 601,
    "HIT DRAGON WITH SWORD": 602,
    "throw matchbook at sphere": 603,
    "throw newspaper at sphere": 604,
    "DROP SWORD": 605,
    "put down newspaper": 606,
    "E": 607,
    "turn on matchbook with sphere": 608,
    "OPEN CHEST": 609,
    "throw sphere at teapot": 610,
    "GET DRAGON": 611,
    "look with sphere": 612,
    "climb deep": 613,
    "throw dragon at sphere": 614,
    "WAIT": 615,
    "throw light at sphere": 616,
    "IN": 617,
    "put quantity on table": 618,
    "throw delicate at sphere": 619,
    "put down rose": 620,
    "exit sphere": 621,
    "touch sphere with light": 622,
    "turn on matchbook": 623,
    "put out light": 624,
    "look at sphere with light": 625,
    "put down delicate": 626,
    "ANSWER \"A WELL\"": 627,
    "DROP DRAGON AND PAPER": 628,
    "throw light at delicate": 629,
    "GET IN BUCKET": 630,
    "put matchbook on floor": 631,
    "DROP WATER": 632,
    "put teapot on table": 633,
    "GET OUT OF BUCKET": 634,
    "DROP TEAPOT": 635,
    "put rose in teapot": 636,
    "GET RED, BLUE AND GREEN CAKE": 637,
    "EAT GREEN": 638,
    "throw sphere at cake": 639,
    "PUT RED CAKE IN POOL": 640,
    "GET CANDY": 641,
    "throw candy at sphere": 642,
    "throw candy at delicate": 643,
    "EAT BLUE CAKE": 644,
    "NW": 645,
    "take brass": 646,
    "throw lamp at dark": 647,
    "take sword": 648,
    "ask forest about sword": 649,
    "wake dragon": 650,
    "take patch": 651,
    "take into cypress": 652,
    "swim": 653,
    "bunyon": 654,
    "take golden": 655,
    "GET AXE": 656,
    "put statue down": 657,
    "put rusty down": 658,
    "GET OX": 659,
    "BUNYON": 660,
    "take into trees": 661,
    "SWIM": 662,
    "eat fruit": 663,
    "take rusty": 664,
    "put blue down": 665,
    "take fruit": 666,
    "take blue": 667,
    "put fruit down": 668,
    "take slime": 669,
    "GET FRUIT": 670,
    "take spider": 671,
    "CLIMB TREE": 672,
    "GET KEYS": 673,
    "take into hollow": 674,
    "light fashioned with bottle": 675,
    "CHOP TREE": 676,
    "DROP AXE": 677,
    "take jewelled": 678,
    "GO STUMP": 679,
    "take fashioned": 680,
    "turn fashioned on": 681,
    "DROP FRUIT": 682,
    "light fashioned with smelling": 683,
    "DROP OX": 684,
    "put bottle down": 685,
    "put ring down": 686,
    "GET LAMP": 687,
    "take bottle": 688,
    "GET BOTTLE": 689,
    "put keys down": 690,
    "put of down": 691,
    "GET RUBIES": 692,
    "take rubies": 693,
    "DROP RUBIES": 694,
    "put lamp down": 695,
    "put fashioned down": 696,
    "undo the": 697,
    "take keys": 698,
    "close the": 699,
    "UNLOCK DOOR with keys": 700,
    "take into the": 701,
    "DROP KEYS": 702,
    "take into down": 703,
    "turn lamp off": 704,
    "put wine down": 705,
    "GET BLADDER": 706,
    "turn lamp on": 707,
    "GET FLINT": 708,
    "take thick": 709,
    "put thick down": 710,
    "put bladder down": 711,
    "GET RUG": 712,
    "turn fashioned off": 713,
    "put golden down": 714,
    "GET NET": 715,
    "put flint down": 716,
    "AWAY": 717,
    "turn off LAMP": 718,
    "clean a": 719,
    "put swamp in wine": 720,
    "undo a": 721,
    "DROP FLINT": 722,
    "light fashioned with wine": 723,
    "DROP BLADDER": 724,
    "take mud": 725,
    "put smelling down": 726,
    "GET FISH": 727,
    "put fish down": 728,
    "take wine": 729,
    "drink water": 730,
    "take statue": 731,
    "take pot": 732,
    "DROP FISH": 733,
    "take flint": 734,
    "DROP NET": 735,
    "undo distended": 736,
    "GET GAS": 737,
    "light fashioned with evil": 738,
    "take fish": 739,
    "DROP MUD": 740,
    "put distended down": 741,
    "light distended": 742,
    "take bricks": 743,
    "LIGHT GAS": 744,
    "GO LEDGE": 745,
    "JUMP": 746,
    "jump": 747,
    "say boo": 748,
    "put mirror down": 749,
    "take mirror": 750,
    "GET MIRROR": 751,
    "abstract tree to path": 752,
    "abstract dense to clearing": 753,
    "abstract path to clearing": 754,
    "put snorkel down": 755,
    "abstract clearing to path": 756,
    "abstract forest to paths": 757,
    "abstract paths to snorkel": 758,
    "get in southwest": 759,
    "put on snorkel": 760,
    "abstract match to snorkel": 761,
    "abstract path to snorkel": 762,
    "get in northeast": 763,
    "abstract match to forest": 764,
    "undo raincoat": 765,
    "light match": 766,
    "abstract match to path": 767,
    "abstract raincoat to snorkel": 768,
    "abstract snorkel to path": 769,
    "take raincoat": 770,
    "abstract match to raincoat": 771,
    "open raincoat": 772,
    "abstract snorkel to raincoat": 773,
    "get in northwest": 774,
    "put match in raincoat": 775,
    "close raincoat": 776,
    "abstract forest to territory": 777,
    "abstract snorkel to territory": 778,
    "abstract canyon to sandy": 779,
    "abstract forest to snorkel": 780,
    "abstract raincoat to canyon": 781,
    "abstract river to rock": 782,
    "abstract rock to snorkel": 783,
    "abstract snorkel to clearing": 784,
    "abstract ancient to small": 785,
    "abstract large to clearing": 786,
    "abstract shovel to clearing": 787,
    "abstract raincoat to ancient": 788,
    "abstract several to shovel": 789,
    "abstract shovel to river": 790,
    "abstract raincoat to river": 791,
    "take shovel": 792,
    "abstract canyon to snorkel": 793,
    "abstract ancient to raincoat": 794,
    "abstract raincoat to ocean": 795,
    "abstract shovel to dunes": 796,
    "abstract ocean to path": 797,
    "abstract sand to snorkel": 798,
    "abstract dunes to horizon": 799,
    "abstract island to path": 800,
    "abstract ocean to raincoat": 801,
    "put raincoat down": 802,
    "wear snorkel": 803,
    "put shovel down": 804,
    "abstract snorkel to coast": 805,
    "abstract snorkel to shovel": 806,
    "abstract lamp to soft": 807,
    "abstract snorkel to soft": 808,
    "abstract lamp to island": 809,
    "abstract raincoat to island": 810,
    "dig earth": 811,
    "abstract walls to room": 812,
    "pull on torch": 813,
    "abstract secret to torch": 814,
    "abstract secret to raincoat": 815,
    "abstract lamp to room": 816,
    "abstract shovel to room": 817,
    "push rock": 818,
    "abstract shovel to passageway": 819,
    "abstract raincoat to room": 820,
    "abstract lamp to secret": 821,
    "pull torch": 822,
    "abstract room to lamp": 823,
    "take off snorkel": 824,
    "abstract cavern to shovel": 825,
    "abstract raincoat to small": 826,
    "abstract cavern to lamp": 827,
    "abstract snorkel to passages": 828,
    "abstract passage to shovel": 829,
    "abstract passageway to sword": 830,
    "abstract lamp to passageway": 831,
    "abstract sword to passages": 832,
    "abstract passageway to snorkel": 833,
    "abstract lamp to parka": 834,
    "put on raincoat": 835,
    "abstract snorkel to store": 836,
    "abstract sword to parka": 837,
    "abstract sword to shovel": 838,
    "abstract lamp to snorkel": 839,
    "take parka": 840,
    "abstract parka to moist": 841,
    "abstract store to worm": 842,
    "abstract lamp to raincoat": 843,
    "put worm down": 844,
    "dig ground": 845,
    "examine tree": 846,
    "abstract tree to forest": 847,
    "abstract clearing to dense": 848,
    "abstract dense to snorkel": 849,
    "abstract territory to snorkel": 850,
    "abstract snorkel to paths": 851,
    "abstract forest to path": 852,
    "abstract sandy to beach": 853,
    "get in southeast": 854,
    "abstract raincoat to path": 855,
    "abstract beach to canyon": 856,
    "abstract canyon to ancient": 857,
    "abstract ocean to sand": 858,
    "abstract island to sand": 859,
    "abstract sand to path": 860,
    "abstract beach to path": 861,
    "abstract path to horizon": 862,
    "examine east": 863,
    "abstract canyon to beach": 864,
    "abstract ancient to forest": 865,
    "abstract forest to beach": 866,
    "abstract clearing to small": 867,
    "abstract small to ancient": 868,
    "abstract passage to path": 869,
    "abstract canyon to river": 870,
    "abstract several to path": 871,
    "abstract canyon to passage": 872,
    "abstract large to ancient": 873,
    "abstract canyon to path": 874,
    "abstract passage to rock": 875,
    "abstract ancient to beach": 876,
    "abstract beach to ancient": 877,
    "abstract path to match": 878,
    "abstract path to forest": 879,
    "abstract tree to clearing": 880,
    "abstract dense to path": 881,
    "abstract paths to territory": 882,
    "abstract territory to forest": 883,
    "abstract path to dense": 884,
    "abstract forest to sandy": 885,
    "abstract ancient to sandy": 886,
    "abstract path to canyon": 887,
    "abstract river to several": 888,
    "abstract passage to several": 889,
    "abstract rock to several": 890,
    "abstract clearing to large": 891,
    "abstract large to shovel": 892,
    "abstract shovel to ancient": 893,
    "abstract beach to sandy": 894,
    "abstract beach to horizon": 895,
    "abstract dunes to sand": 896,
    "abstract sand to ocean": 897,
    "abstract ocean to horizon": 898,
    "abstract beach to ocean": 899,
    "abstract island to beach": 900,
    "abstract ocean to beach": 901,
    "abstract path to ocean": 902,
    "abstract ancient to canyon": 903,
    "abstract several to canyon": 904,
    "abstract passage to canyon": 905,
    "abstract rock to path": 906,
    "abstract large to small": 907,
    "abstract rock to river": 908,
    "abstract river to path": 909,
    "abstract sandy to canyon": 910,
    "abstract rock to passage": 911,
    "abstract river to passage": 912,
    "abstract path to several": 913,
    "examine cluster": 914,
    "push notch": 915,
    "ask cheryl for hologram": 916,
    "push goggles to studs": 917,
    "take goggles": 918,
    "push project": 919,
    "push powerup": 920,
    "touch notch": 921,
    "x studs": 922,
    "x information stud": 923,
    "push access": 924,
    "examine installation": 925,
    "x powerup stud": 926,
    "touch powerup stud": 927,
    "x project status stud": 928,
    "x generator access": 929,
    "x sequence stud": 930,
    "put on goggles": 931,
    "x forcefield stud": 932,
    "push panel": 933,
    "push status": 934,
    "touch information": 935,
    "touch generator": 936,
    "reply": 937,
    "x white pillar": 938,
    "touch panel": 939,
    "push tool": 940,
    "push bottom": 941,
    "examine bay": 942,
    "x bay": 943,
    "push probe to bay": 944,
    "x contact points": 945,
    "touch tool stud": 946,
    "take probe": 947,
    "put probe down": 948,
    "examine ceiling": 949,
    "x probe": 950,
    "take off goggles": 951,
    "take probe in slab": 952,
    "wear goggles": 953,
    "put goggles on slab": 954,
    "push goggles to slab": 955,
    "x generator": 956,
    "push top": 957,
    "give goggles pair": 958,
    "ask cheryl for goggles": 959,
    "probe contacts": 960,
    "put goggles on studs": 961,
    "press bottom": 962,
    "put goggles down": 963,
    "give goggles of": 964,
    "examine goggles": 965,
    "touch calibration": 966,
    "shut panel": 967,
    "press powerup": 968,
    "press project status stud": 969,
    "take off gold": 970,
    "put on gold": 971,
    "take wallet": 972,
    "put clothing on table": 973,
    "put clothing down": 974,
    "put gold on table": 975,
    "answer phone": 976,
    "stand up": 977,
    "get in toilet": 978,
    "remove watch": 979,
    "look under bed": 980,
    "remove clothes": 981,
    "take clothing": 982,
    "drop all": 983,
    "enter shower": 984,
    "take watch": 985,
    "open dresser": 986,
    "put on clothing": 987,
    "wear watch": 988,
    "get up": 989,
    "put clothing on phone": 990,
    "get in bed": 991,
    "open wallet": 992,
    "close wallet": 993,
    "take phone": 994,
    "put gold on telephone": 995,
    "put wallet down": 996,
    "take off clothing": 997,
    "take shower": 998,
    "put clothing in dresser": 999,
    "take driver's": 1000,
    "put driver's in bed": 1001,
    "put card in dresser": 1002,
    "close dresser": 1003,
    "put keys on telephone": 1004,
    "put clothing on telephone": 1005,
    "put wallet in bed": 1006,
    "put card on telephone": 1007,
    "put driver's on table": 1008,
    "put gold in dresser": 1009,
    "put soiled in dresser": 1010,
    "put soiled down": 1011,
    "put gold on phone": 1012,
    "put driver's on telephone": 1013,
    "put driver's in wallet": 1014,
    "put keys on table": 1015,
    "put driver's down": 1016,
    "put watch down": 1017,
    "put card in bed": 1018,
    "open front": 1019,
    "close front": 1020,
    "look service": 1021,
    "take off office": 1022,
    "look at office throug service": 1023,
    "put down envelope": 1024,
    "GET ENVELOPE": 1025,
    "throw envelope at gate": 1026,
    "look corner": 1027,
    "YES": 1028,
    "take on open": 1029,
    "take old from open": 1030,
    "put envelope down open": 1031,
    "throw envelope at bone": 1032,
    "GET BONE": 1033,
    "look at bone throug gate": 1034,
    "put envelope down lawn": 1035,
    "give poodle bone": 1036,
    "look at miss throug things": 1037,
    "GIVE BONE TO POODLE": 1038,
    "look goldfish": 1039,
    "GET NOTE": 1040,
    "put down violet": 1041,
    "throw violet at festeron": 1042,
    "LOOK IN FOUNTAIN": 1043,
    "look around north": 1044,
    "GET COIN": 1045,
    "look festeron": 1046,
    "look at coin throug violet": 1047,
    "put coin down bank": 1048,
    "climb down trail": 1049,
    "put down coin": 1050,
    "look at coin throug steep": 1051,
    "throw coin at rocky": 1052,
    "throw envelope at coin": 1053,
    "throw violet at coin": 1054,
    "put down note": 1055,
    "throw envelope at case": 1056,
    "GIVE ENVELOPE TO WOMAN": 1057,
    "take gift": 1058,
    "OPEN ENVELOPE": 1059,
    "READ LETTER TO WOMAN": 1060,
    "look around wishbringer": 1061,
    "GET CAN": 1062,
    "look fog": 1063,
    "put down cloud": 1064,
    "throw metal at coin": 1065,
    "look coin": 1066,
    "throw coin at metal": 1067,
    "take dead from trunk": 1068,
    "look at metal throug dead": 1069,
    "throw metal at north": 1070,
    "BREAK BRANCH": 1071,
    "GET IT": 1072,
    "look path": 1073,
    "put down metal": 1074,
    "OPEN CAN": 1075,
    "put down gold": 1076,
    "look at office throug lawn": 1077,
    "look hill": 1078,
    "look office": 1079,
    "look around west": 1080,
    "take on hill": 1081,
    "look road": 1082,
    "look at gate throug cemetery": 1083,
    "take in office": 1084,
    "take envelope from service": 1085,
    "look gate": 1086,
    "look voss": 1087,
    "look at voss throug cottage": 1088,
    "allhints": 1089,
    "undo large": 1090,
    "close large": 1091,
    "turn flashlight off": 1092,
    "open box": 1093,
    "pull hose": 1094,
    "take light": 1095,
    "turn flashlight on": 1096,
    "put flashlight down": 1097,
    "examine north": 1098,
    "listen": 1099,
    "take into floor": 1100,
    "undo metal": 1101,
    "close metal": 1102,
    "push fountain": 1103,
    "open panel": 1104,
    "turn on light": 1105,
    "go panel": 1106,
    "swing router": 1107,
    "swing on router": 1108,
    "push gumball to north": 1109,
    "push toy to ledge": 1110,
    "get gum": 1111,
    "ask gnome about gumball": 1112,
    "x gnome": 1113,
    "ask george about bag": 1114,
    "ask george about beetlebaum": 1115,
    "ask george about frank": 1116,
    "ask george about gumball": 1117,
    "take beat-up": 1118,
    "open closet": 1119,
    "put beat-up down": 1120,
    "take bag": 1121,
    "x bag": 1122,
    "open bag": 1123,
    "push garden to pillows": 1124,
    "x dresser": 1125,
    "put garden down": 1126,
    "take off garden": 1127,
    "take gloves": 1128,
    "take toy": 1129,
    "wear gloves": 1130,
    "put bar on beat-up": 1131,
    "open curtain": 1132,
    "put bar down": 1133,
    "get soap": 1134,
    "put soap on zipper": 1135,
    "take box": 1136,
    "close beat-up": 1137,
    "drop soap": 1138,
    "push bar to shower": 1139,
    "remove gloves": 1140,
    "put other on ledge": 1141,
    "drop gloves": 1142,
    "push bench to bed": 1143,
    "get bench": 1144,
    "push other to beat-up": 1145,
    "push box to north": 1146,
    "drop bench": 1147,
    "stand on bench": 1148,
    "push other to north": 1149,
    "get key": 1150,
    "put beat-up on ledge": 1151,
    "exit": 1152,
    "push toy to north": 1153,
    "unlock door with key": 1154,
    "push box to beat-up": 1155,
    "search clothes": 1156,
    "put beat-up in closet": 1157,
    "get pack": 1158,
    "put toy down": 1159,
    "get safe": 1160,
    "push gum to toy": 1161,
    "push box to bed": 1162,
    "x pack": 1163,
    "push box to toy": 1164,
    "read label": 1165,
    "shake pack": 1166,
    "put pack on gum": 1167,
    "push ice to dirty": 1168,
    "drop pack": 1169,
    "take other": 1170,
    "push paper to ceiling": 1171,
    "chew gum": 1172,
    "push paper to table": 1173,
    "x paper": 1174,
    "take paper off table": 1175,
    "get paper": 1176,
    "blow dust": 1177,
    "push sketch to ceiling": 1178,
    "dehlila": 1179,
    "push box to bench": 1180,
    "put other down": 1181,
    "take safe": 1182,
    "look in dirty": 1183,
    "x safe": 1184,
    "shake safe": 1185,
    "open safe": 1186,
    "undo box with key": 1187,
    "give safe to mark": 1188,
    "put wooden on ledge": 1189,
    "push ornate to pillows": 1190,
    "take small": 1191,
    "put box in beat-up": 1192,
    "get box": 1193,
    "unlock box with key": 1194,
    "put box down": 1195,
    "push key to beat-up": 1196,
    "open trapdoor": 1197,
    "push box to floorboards": 1198,
    "push box to shelves": 1199,
    "look under floorboard": 1200,
    "tear cloth": 1201,
    "open box then get cube": 1202,
    "x door": 1203,
    "push kernels to square": 1204,
    "take kernels": 1205,
    "x stalk": 1206,
    "get corn": 1207,
    "put cube down": 1208,
    "x jail": 1209,
    "take crumpled": 1210,
    "put square down": 1211,
    "examine crumpled": 1212,
    "x nest": 1213,
    "look in nest": 1214,
    "get note": 1215,
    "put sugar down": 1216,
    "read note": 1217,
    "eat square": 1218,
    "put crumpled down": 1219,
    "get pan": 1220,
    "eat cube": 1221,
    "x pan": 1222,
    "put kernels down": 1223,
    "look in hole": 1224,
    "put match on table": 1225,
    "put square on table": 1226,
    "x machine": 1227,
    "look under table": 1228,
    "put pan down": 1229,
    "read green": 1230,
    "drop green": 1231,
    "put kernels on table": 1232,
    "x table": 1233,
    "put cloth in tray": 1234,
    "x writing": 1235,
    "clean table with cloth": 1236,
    "put pan in tray": 1237,
    "read crumpled": 1238,
    "drop crumpled": 1239,
    "put cube on table": 1240,
    "set first wheel to 9": 1241,
    "push crumpled to tray": 1242,
    "set second wheel to 2": 1243,
    "put cloth on table": 1244,
    "set third wheel to 8": 1245,
    "set fourth wheel to 9": 1246,
    "set fifth wheel to 3": 1247,
    "x wheels": 1248,
    "push slurry to square": 1249,
    "x magnetite": 1250,
    "put pan in water": 1251,
    "shake pan": 1252,
    "drop pan": 1253,
    "put base down": 1254,
    "put cloth in water": 1255,
    "get sprig": 1256,
    "put sage down": 1257,
    "take gumball": 1258,
    "take lamp": 1259,
    "throw stair at lamp": 1260,
    "throw east at lamp": 1261,
    "throw lamp at west": 1262,
    "throw west at lamp": 1263,
    "take lantern": 1264,
    "put down lantern": 1265,
    "put down lamp": 1266,
    "throw piece at lamp": 1267,
    "GET BREAD": 1268,
    "turn off lamp": 1269,
    "NE": 1270,
    "put down piece": 1271,
    "WAKE UP OLD MAN": 1272,
    "GIVE BREAD TO OLD MAN": 1273,
    "throw dark at lamp": 1274,
    "throw lake at lamp": 1275,
    "enter lake": 1276,
    "TURN OFF LAMP": 1277,
    "DROP LAMP": 1278,
    "JUMP LAKE": 1279,
    "GET AMULET": 1280,
    "put down golden": 1281,
    "blow out torch": 1282,
    "put down torch": 1283,
    "touch surface": 1284,
    "GET TORCH": 1285,
    "put down amulet": 1286,
    "TOUCH TABLE": 1287,
    "touch viewing": 1288,
    "DROP TORCH": 1289,
    "put down repellent": 1290,
    "SPRAY REPELLANT ON MYSELF": 1291,
    "put down strange": 1292,
    "take strange": 1293,
    "MOVE COVER": 1294,
    "take magic": 1295,
    "throw amulet off cliff": 1296,
    "throw torch off ledge": 1297,
    "throw repellent off ledge": 1298,
    "throw amulet off ledge": 1299,
    "tie chest to rope": 1300,
    "TIE CHEST TO ROPE": 1301,
    "throw strange off ledge": 1302,
    "take rope": 1303,
    "throw long off ledge": 1304,
    "put down long": 1305,
    "throw chest off cliff": 1306,
    "put down wooden": 1307,
    "take wooden": 1308,
    "GRAB ROPE": 1309,
    "GET CHEST": 1310,
    "put down chest": 1311,
    "put strange in chest": 1312,
    "put amulet in chest": 1313,
    "put hood in chest": 1314,
    "HELLO SAILOR": 1315,
    "GET VIAL": 1316,
    "close chest": 1317,
    "open vial": 1318,
    "throw liquid at torch": 1319,
    "put down vial": 1320,
    "put golden in chest": 1321,
    "close vial": 1322,
    "KILL FIGURE WITH SWORD": 1323,
    "put cloak in chest": 1324,
    "put down hood": 1325,
    "REMOVE HOOD": 1326,
    "GET CLOAK": 1327,
    "put vial in chest": 1328,
    "put down cloak": 1329,
    "DROP CHEST": 1330,
    "put repellent on seat": 1331,
    "PUSH GOLDEN MACHINE SOUTH": 1332,
    "put amulet in seat": 1333,
    "OPEN STONE DOOR": 1334,
    "close machine": 1335,
    "PUSH GOLDEN MACHINE EAST": 1336,
    "light lamp": 1337,
    "dig": 1338,
    "take inventory": 1339,
    "take shawm": 1340,
    "drop shawm": 1341,
    "examine shawm": 1342,
    "blow shawm": 1343,
    "drop plank": 1344,
    "examine rod": 1345,
    "take plank": 1346,
    "take rod": 1347,
    "drop rod": 1348,
    "examine plank": 1349,
    "examine key": 1350,
    "drop lamp": 1351,
    "examine lamp": 1352,
    "read grave": 1353,
    "howl arac": 1354,
    "examine sword": 1355,
    "drop sword": 1356,
    "lock door": 1357,
    "examine greydeath": 1358,
    "throw rod": 1359,
    "throw plank": 1360,
    "drop greydeath": 1361,
    "examine bowl": 1362,
    "take bowl": 1363,
    "no": 1364,
    "take toadstone": 1365,
    "drop bowl": 1366,
    "take toad": 1367,
    "drop toadstone": 1368,
    "take stone": 1369,
    "examine toadstone": 1370,
    "drop pillow": 1371,
    "take pillow": 1372,
    "take peridots": 1373,
    "drop scent": 1374,
    "take perfume": 1375,
    "take dummy": 1376,
    "take flask": 1377,
    "drop perfume": 1378,
    "drop peridots": 1379,
    "take beads": 1380,
    "take erbium": 1381,
    "eat toadstone": 1382,
    "examine ingot": 1383,
    "drop beads": 1384,
    "examine beads": 1385,
    "drop ingot": 1386,
    "look": 1387,
    "gnoeval": 1388,
    "examine baboon": 1389,
    "drop baboon": 1390,
    "take ingot": 1391,
    "examine stone": 1392,
    "wave beads": 1393,
    "examine diamond": 1394,
    "take thorn": 1395,
    "take bread": 1396,
    "examine bread": 1397,
    "drop bread": 1398,
    "oozelumny": 1399,
    "examine myrrh": 1400,
    "drop myrrh": 1401,
    "take myrrh": 1402,
    "examine pigeon": 1403,
    "feed pigeon": 1404,
    "take pigeon": 1405,
    "put notepad in cars": 1406,
    "examine cars": 1407,
    "hit window": 1408,
    "put newspaper down": 1409,
    "read paper": 1410,
    "examine gutter": 1411,
    "look in glass": 1412,
    "put newspaper in gutter": 1413,
    "knock window": 1414,
    "search grate": 1415,
    "examine notepad": 1416,
    "search window": 1417,
    "knock on window": 1418,
    "put newspaper on tables": 1419,
    "put notepad down": 1420,
    "examine mirror": 1421,
    "examine bar": 1422,
    "x tables": 1423,
    "note tables": 1424,
    "put notepad in sink": 1425,
    "take notepad with stereo": 1426,
    "ask angela about affliction": 1427,
    "get in stools": 1428,
    "look in rinse": 1429,
    "take ice with severed": 1430,
    "examine rinse": 1431,
    "turn stereo on": 1432,
    "put newspaper in sink": 1433,
    "search ice": 1434,
    "take off notepad": 1435,
    "put severed down": 1436,
    "take hand": 1437,
    "put newspaper in rinse": 1438,
    "take stereo with ice": 1439,
    "look in toilet": 1440,
    "note vomit": 1441,
    "note sink": 1442,
    "put stereo down": 1443,
    "note dryer": 1444,
    "put notepad on stools": 1445,
    "take stereo with notepad": 1446,
    "take notepad with newspaper": 1447,
    "note counter": 1448,
    "note stools": 1449,
    "examine grill": 1450,
    "examine newspaper": 1451,
    "put severed on wire": 1452,
    "take off soup": 1453,
    "close soup": 1454,
    "open cauldron": 1455,
    "put foot on wire": 1456,
    "take foot": 1457,
    "examine servingware": 1458,
    "turn fixture on": 1459,
    "put newspaper in rack": 1460,
    "put notepad on table": 1461,
    "take rack with notepad": 1462,
    "get in cover": 1463,
    "put hand down": 1464,
    "open dish washer": 1465,
    "take off rack": 1466,
    "take right foot": 1467,
    "turn grill on": 1468,
    "put hand on grill": 1469,
    "open fridge": 1470,
    "put right down": 1471,
    "put foot down": 1472,
    "turn light off": 1473,
    "look in fridge": 1474,
    "put newspaper on table": 1475,
    "put left in fixture": 1476,
    "look in crate": 1477,
    "put light in fixture": 1478,
    "close cover": 1479,
    "open crate": 1480,
    "look in buffalo": 1481,
    "turn chopper on": 1482,
    "open steam": 1483,
    "put notepad on grill": 1484,
    "look under wooden": 1485,
    "x prep table": 1486,
    "x shelf": 1487,
    "put light on tables": 1488,
    "take tongs": 1489,
    "put hand in cars": 1490,
    "put light down": 1491,
    "hit window with newspaper": 1492,
    "put notepad in gutter": 1493,
    "examine glass": 1494,
    "take off stereo": 1495,
    "take off newspaper": 1496,
    "put newspaper in cars": 1497,
    "look in cars": 1498,
    "examine pawnshop": 1499,
    "get in glass": 1500,
    "ask other for goldschmidt": 1501,
    "push porcelain to stairs": 1502,
    "take egg": 1503,
    "hit tortoise": 1504,
    "get in stairs": 1505,
    "put porcelain down": 1506,
    "x mask": 1507,
    "take other with tortoise": 1508,
    "x self": 1509,
    "put porcelain on stairs": 1510,
    "x light": 1511,
    "x leaf": 1512,
    "take dagger": 1513,
    "put dagger on stairs": 1514,
    "x kite": 1515,
    "get in silk": 1516,
    "x comb": 1517,
    "x shadow": 1518,
    "take tortoise": 1519,
    "put porcelain on compass": 1520,
    "take ivory": 1521,
    "put dagger on compass": 1522,
    "put tortoise on compass": 1523,
    "turn glass to crane": 1524,
    "take comb": 1525,
    "put dagger down": 1526,
    "put teeth down": 1527,
    "push teeth to compass": 1528,
    "hit comb": 1529,
    "x compass": 1530,
    "put teeth on stairs": 1531,
    "x feather": 1532,
    "turn glass to hawk": 1533,
    "put tortoise down": 1534,
    "x hawk": 1535,
    "put teeth on compass": 1536,
    "put tortoise on stairs": 1537,
    "x swallow": 1538,
    "x crane": 1539,
    "turn glass to swallow": 1540,
    "set compass to hawk": 1541,
    "x trees": 1542,
    "put paper on compass": 1543,
    "take leaf": 1544,
    "put paper down": 1545,
    "unfold leaf": 1546,
    "push ivory to table": 1547,
    "push ivory to paper": 1548,
    "put teeth on paper": 1549,
    "cut fan": 1550,
    "take porcelain": 1551,
    "push chopsticks to marble": 1552,
    "put porcelain on marble": 1553,
    "look in silk": 1554,
    "put ocarina on silk": 1555,
    "push ocarina to silk": 1556,
    "take ocarina": 1557,
    "put ocarina down": 1558,
    "push porcelain to marble": 1559,
    "push ocarina to floor": 1560,
    "push chopsticks to table": 1561,
    "turn glass": 1562,
    "push tortoise to compass": 1563,
    "push porcelain to compass": 1564,
    "take other with fan": 1565,
    "take teeth": 1566,
    "put fan down": 1567,
    "push fan to compass": 1568,
    "push dagger to stairs": 1569,
    "put clay on stairs": 1570,
    "take clay": 1571,
    "put ocarina on table": 1572,
    "put pair on blackest": 1573,
    "hit banquet": 1574,
    "get in marble": 1575,
    "put dagger on table": 1576,
    "put dagger on marble": 1577,
    "put clay on marble": 1578,
    "take chopsticks": 1579,
    "push ocarina to stairs": 1580,
    "push dagger to table": 1581,
    "put pair on stairs": 1582,
    "rescue": 1583,
    "push magnificently to building": 1584,
    "put magnificently down": 1585,
    "get in sofa": 1586,
    "get in chair": 1587,
    "put ancient on magnificently": 1588,
    "spend ancient": 1589,
    "push pewter to barrels": 1590,
    "take pewter off barrels": 1591,
    "get coin": 1592,
    "put ancient in pewter": 1593,
    "take ancient": 1594,
    "fill pewter": 1595,
    "examine barrels": 1596,
    "put ancient on sofa": 1597,
    "get mug": 1598,
    "put ancient down": 1599,
    "throw ancient down": 1600,
    "put pewter down": 1601,
    "undo cardboard": 1602,
    "close parts": 1603,
    "put parts in pewter": 1604,
    "buy box": 1605,
    "put cardboard down": 1606,
    "throw pewter down": 1607,
    "put cardboard in pewter": 1608,
    "push brass to pewter": 1609,
    "throw sheet down": 1610,
    "push sheet to parts": 1611,
    "put brass down": 1612,
    "get lamp": 1613,
    "clean brass": 1614,
    "undo box": 1615,
    "push sheet to box": 1616,
    "take cardboard": 1617,
    "put brass in pewter": 1618,
    "throw bananas down": 1619,
    "take iron": 1620,
    "push bananas to pan": 1621,
    "put box in pewter": 1622,
    "put iron on pan": 1623,
    "examine table": 1624,
    "put key in pewter": 1625,
    "get bananas": 1626,
    "put key on light": 1627,
    "rub lamp": 1628,
    "put bunch down": 1629,
    "close box": 1630,
    "put bunch in pewter": 1631,
    "empty pewter out": 1632,
    "push bunch to pewter": 1633,
    "take bunch": 1634,
    "eat bunch": 1635,
    "throw mouldy down": 1636,
    "take bunch off pewter": 1637,
    "tip boot": 1638,
    "make box": 1639,
    "undo other with iron": 1640,
    "undo door with iron": 1641,
    "get bell": 1642,
    "get in stairway": 1643,
    "throw screwdriver": 1644,
    "push skins to pewter": 1645,
    "throw pewter": 1646,
    "throw skins down": 1647,
    "throw sword down": 1648,
    "give bananas": 1649,
    "push screwdriver to pewter": 1650,
    "throw view": 1651,
    "throw skins": 1652,
    "build glider": 1653,
    "throw hang down": 1654,
    "ring bell": 1655,
    "drop screw": 1656,
    "take pewter": 1657,
    "put chair in barrels": 1658,
    "take parts": 1659,
    "take sheet": 1660,
    "put sheet down": 1661,
    "put sheet in pewter": 1662,
    "push ancient to pewter": 1663,
    "push bicycle to pewter": 1664,
    "take bicycle off pewter": 1665,
    "put bicycle in pewter": 1666,
    "throw bones down": 1667,
    "throw box down": 1668,
    "take bones": 1669,
    "examine bones": 1670,
    "get in magnificently": 1671,
    "push cardboard to man": 1672,
    "hit man": 1673,
    "push bones to magnificently": 1674,
    "push bones to sofa": 1675,
    "put bones down": 1676,
    "push note to southwest": 1677,
    "push large to counter": 1678,
    "push large to southwest": 1679,
    "push note to counter": 1680,
    "push box to southwest": 1681,
    "x counter": 1682,
    "push large to box": 1683,
    "push handwritten to box": 1684,
    "get pizza box": 1685,
    "push handwritten to counter": 1686,
    "put large on counter": 1687,
    "take handwritten": 1688,
    "x note": 1689,
    "push large to district": 1690,
    "examine sewer": 1691,
    "x district attorney": 1692,
    "put large down": 1693,
    "take large off box": 1694,
    "open pizza box": 1695,
    "search pizza": 1696,
    "show file to district attorney": 1697,
    "undo cabinet with key": 1698,
    "undo cabinet": 1699,
    "undo window": 1700,
    "open window": 1701,
    "unlock cabinet with key": 1702,
    "open cabinet": 1703,
    "throw file": 1704,
    "push file to sill": 1705,
    "get file": 1706,
    "throw key": 1707,
    "throw lackey": 1708,
    "jump out window": 1709,
    "examine story": 1710,
    "kick second window": 1711,
    "put ledge down": 1712,
    "jill, hold me": 1713,
    "take note": 1714,
    "put note down": 1715,
    "examine note": 1716,
    "take large": 1717,
    "look in large": 1718,
    "put note on counter": 1719,
    "examine file": 1720,
    "push note to file": 1721,
    "put file down": 1722,
    "push file to northeast": 1723,
    "push box to counter": 1724,
    "take large off counter": 1725,
    "throw large": 1726,
    "push file to handwritten": 1727,
    "put note in box": 1728,
    "push note to box": 1729,
    "put box on counter": 1730,
    "put handwritten in large": 1731,
    "push handwritten to large": 1732,
    "examine people": 1733,
    "put handwritten down": 1734,
    "examine handwritten": 1735,
    "put handwritten on counter": 1736,
    "eat large": 1737,
    "put file in box": 1738,
    "push file to box": 1739,
    "take file": 1740,
    "put file on counter": 1741,
    "push file to southwest": 1742,
    "push box to file": 1743,
    "push large to file": 1744,
    "push file to counter": 1745,
    "put sword down": 1746,
    "put sword on body": 1747,
    "push travelling to body": 1748,
    "put hands down": 1749,
    "pull quartz": 1750,
    "get in line": 1751,
    "get in crack": 1752,
    "x minerals": 1753,
    "push book to firebug": 1754,
    "push book to gaping": 1755,
    "get in narrow": 1756,
    "get book": 1757,
    "put book on narrow": 1758,
    "push book to ceiling": 1759,
    "x gaping": 1760,
    "put book down": 1761,
    "get in ceiling": 1762,
    "x outcrop": 1763,
    "x insect": 1764,
    "throw book at outcrop": 1765,
    "put fine down": 1766,
    "push book to west": 1767,
    "push spongy to tracks": 1768,
    "put moss down": 1769,
    "take moss": 1770,
    "get moss": 1771,
    "x moss": 1772,
    "drop other down spongy": 1773,
    "smell": 1774,
    "smell dirty floor": 1775,
    "get in door": 1776,
    "get in trapdoor": 1777,
    "clean dirty floor with moss": 1778,
    "push bag to moss": 1779,
    "put bag on moss": 1780,
    "push moss to bag": 1781,
    "put bag on spongy": 1782,
    "get lye": 1783,
    "put bag down": 1784,
    "push moss to droplets": 1785,
    "clean humanoid with moss": 1786,
    "take crampons": 1787,
    "take bladder": 1788,
    "x skeleton": 1789,
    "put bag on bladder": 1790,
    "put lye on moss": 1791,
    "put on crampons": 1792,
    "clean skeleton with moss": 1793,
    "put crampons on bladder": 1794,
    "get bladder": 1795,
    "get crampons": 1796,
    "put air down": 1797,
    "put moss on air": 1798,
    "take air": 1799,
    "put bag on air": 1800,
    "remove crampons": 1801,
    "put moss on bladder": 1802,
    "put moss in hole": 1803,
    "x porous wall": 1804,
    "take off crampons": 1805,
    "wear crampons": 1806,
    "undo bladder": 1807,
    "climb porous wall": 1808,
    "put crampons on air": 1809,
    "take arrow": 1810,
    "take crossbow": 1811,
    "push lockpick to crossbow": 1812,
    "x ariana": 1813,
    "x boots": 1814,
    "push arrow to crossbow": 1815,
    "push air to crossbow": 1816,
    "search boots": 1817,
    "put crampons on crossbow": 1818,
    "get lockpick": 1819,
    "put lockpick on crossbow": 1820,
    "get crossbow": 1821,
    "undo air": 1822,
    "x crossbow": 1823,
    "put bag on crossbow": 1824,
    "put crossbow on bladder": 1825,
    "put crossbow down": 1826,
    "put crossbow in hole": 1827,
    "put crossbow on air": 1828,
    "put crampons down": 1829,
    "push bladder to crossbow": 1830,
    "put bladder in geyser": 1831,
    "push arrow to bladder": 1832,
    "drop crampons": 1833,
    "push crampons to crossbow": 1834,
    "put moss on crossbow": 1835,
    "x bladder": 1836,
    "push arrow to bag": 1837,
    "push pickaxe to arrow": 1838,
    "search refuse": 1839,
    "get axe": 1840,
    "push arrow to air": 1841,
    "put pickaxe down": 1842,
    "put lockpick on air": 1843,
    "put lockpick down": 1844,
    "put spongy down": 1845,
    "put lye on air": 1846,
    "push pickaxe to air": 1847,
    "hit block with pickaxe": 1848,
    "x block": 1849,
    "put lye down": 1850,
    "chop ice with axe": 1851,
    "put lye on bladder": 1852,
    "put lye on spongy": 1853,
    "push lye to air": 1854,
    "drop axe": 1855,
    "put crossbow on mouth": 1856,
    "put spongy on mouth": 1857,
    "x dragon": 1858,
    "close claws": 1859,
    "push arrow to fang": 1860,
    "look in mouth": 1861,
    "put crossbow on many": 1862,
    "put many down": 1863,
    "open claws": 1864,
    "put lockpick in claws": 1865,
    "push arrow to colors": 1866,
    "get coat": 1867,
    "wear coat": 1868,
    "put spongy in claws": 1869,
    "push spongy to colors": 1870,
    "put colors on mouth": 1871,
    "get treasure": 1872,
    "put spongy on air": 1873,
    "take off colors": 1874,
    "x fungus": 1875,
    "x mushroom": 1876,
    "put many on crossbow": 1877,
    "push arrow to many": 1878,
    "shoot mushroom with crossbow": 1879,
    "get arrow": 1880,
    "put arrow on crossbow": 1881,
    "take off many": 1882,
    "put arrow in crossbow": 1883,
    "push bag to arrow": 1884,
    "push arrow to lye": 1885,
    "put silver down": 1886,
    "push travelling to west": 1887,
    "undo travelling": 1888,
    "push moon to travelling": 1889,
    "close travelling": 1890,
    "put on travelling": 1891,
    "take off travelling": 1892,
    "undo sack": 1893,
    "push moon to sword": 1894,
    "put sword in travelling": 1895,
    "push sword to travelling": 1896,
    "put moon down": 1897,
    "push moon to body": 1898,
    "put moon in travelling": 1899,
    "put travelling on body": 1900,
    "push sword to moon": 1901,
    "put travelling down": 1902,
    "cut gypsum": 1903,
    "hit gypsum": 1904,
    "squeeze gypsum": 1905,
    "pray": 1906,
    "push sword to west": 1907,
    "push sword to body": 1908,
    "push sword to opal": 1909,
    "take travelling": 1910,
    "put on sack": 1911,
    "put sack down": 1912,
    "push sack to north": 1913,
    "take silver": 1914,
    "take sack": 1915,
    "put silver in sack": 1916,
    "take salt": 1917,
    "put moon on body": 1918,
    "push gypsum": 1919,
    "kiss gypsum": 1920,
    "push moon to west": 1921,
    "push travelling to moon": 1922,
    "push book to pocket": 1923,
    "take coin": 1924,
    "take book": 1925,
    "put on pocket": 1926,
    "put on coin": 1927,
    "0": 1928,
    "undo closet": 1929,
    "talk to alltext": 1930,
    "3": 1931,
    "put book in pocket": 1932,
    "g": 1933,
    "empty pocket": 1934,
    "1": 1935,
    "take coin off pocket": 1936,
    "talk to queenie": 1937,
    "2": 1938,
    "4": 1939,
    "look at mural": 1940,
    "put badge in pocket": 1941,
    "push book to envelope": 1942,
    "look at queenie": 1943,
    "put badge in envelope": 1944,
    "take badge": 1945,
    "empty pocket to envelope": 1946,
    "take coins off envelope": 1947,
    "push coin to shelves": 1948,
    "take list": 1949,
    "push book to shelves": 1950,
    "take envelope": 1951,
    "put on envelope": 1952,
    "read list": 1953,
    "empty envelope": 1954,
    "give queenie candygrams": 1955,
    "push coin to pocket": 1956,
    "push coin to envelope": 1957,
    "empty envelope to pocket": 1958,
    "push badge to envelope": 1959,
    "give gram to meghan": 1960,
    "put on badge": 1961,
    "give queenie list": 1962,
    "put pocket in envelope": 1963,
    "put badge in box": 1964,
    "push badge to pocket": 1965,
    "push basket to list": 1966,
    "put basket down": 1967,
    "put coin in envelope": 1968,
    "talk to Stephanie": 1969,
    "put pocket in basket": 1970,
    "take coins": 1971,
    "push candygrams to basket": 1972,
    "look at Stephanie": 1973,
    "put gram in basket": 1974,
    "give danielle list": 1975,
    "push cake to list": 1976,
    "give gram to Danielle": 1977,
    "say -120 to garrulous": 1978,
    "put coin in pocket": 1979,
    "undo closet with coin": 1980,
    "take off cloth": 1981,
    "examine cold": 1982,
    "pull cloth": 1983,
    "close cold box": 1984,
    "push pet": 1985,
    "put stuff down": 1986,
    "bark": 1987,
    "take off dino": 1988,
    "take off water": 1989,
    "lick pet": 1990,
    "put legged down": 1991,
    "x box": 1992,
    "x couch": 1993,
    "look in cold": 1994,
    "x soft things": 1995,
    "take off light": 1996,
    "take cushion": 1997,
    "take off square": 1998,
    "examine square": 1999,
    "get can": 2000,
    "take off shiny": 2001,
    "blorb book": 2002,
    "cast frotz at strong": 2003,
    "cast blorb at book": 2004,
    "look shack": 2005,
    "open strong": 2006,
    "take jug": 2007,
    "enter shack": 2008,
    "cast blorb at battered": 2009,
    "pour shack from oven": 2010,
    "throw nitfol at shack": 2011,
    "OPEN OVEN": 2012,
    "cast frotz at loaf": 2013,
    "put down book": 2014,
    "blorb battered": 2015,
    "take JUG": 2016,
    "throw loaf at shack": 2017,
    "take LANTERN": 2018,
    "throw battered at path": 2019,
    "throw book at path": 2020,
    "frotz jug": 2021,
    "exit shack": 2022,
    "cast frotz at book": 2023,
    "look spell": 2024,
    "pour jug from sign": 2025,
    "put down battered": 2026,
    "look lingolf": 2027,
    "throw blorb at lingolf": 2028,
    "put down loaf": 2029,
    "frotz brook": 2030,
    "take battered": 2031,
    "FILL JUG": 2032,
    "throw loaf at road": 2033,
    "throw frotz at path": 2034,
    "throw nitfol at spell": 2035,
    "cast frotz at battered": 2036,
    "look at path with spell": 2037,
    "blorb loaf": 2038,
    "throw scribbled at path": 2039,
    "pour jug from loaf": 2040,
    "open path with strong": 2041,
    "READ SCROLL": 2042,
    "throw nitfol at road": 2043,
    "GNUSTO REZROV SPELL": 2044,
    "put down jug": 2045,
    "cast blorb at jug": 2046,
    "throw frotz at road": 2047,
    "frotz battered": 2048,
    "rezrov jug": 2049,
    "throw battered at road": 2050,
    "LEARN REZROV": 2051,
    "frotz water": 2052,
    "REZROV GATE": 2053,
    "frotz book": 2054,
    "throw loaf at path": 2055,
    "throw blorb at path": 2056,
    "throw loaf at spell": 2057,
    "throw nitfol at tower": 2058,
    "turn off battered": 2059,
    "FROTZ LANTERN": 2060,
    "open button with loaf": 2061,
    "open egg with button": 2062,
    "blorb egg": 2063,
    "poke beautifulornamented with beautiful": 2064,
    "blorb shredded": 2065,
    "open battered with button": 2066,
    "climb down beautifulornamented": 2067,
    "GET EGG": 2068,
    "throw blorb at button": 2069,
    "climb down button": 2070,
    "EXAMINE IT": 2071,
    "open button": 2072,
    "TURN HANDLE": 2073,
    "open water with button": 2074,
    "PRESS KNOB": 2075,
    "put beautifulornamented in spell": 2076,
    "PULL SLIDE": 2077,
    "throw frotz at loaf": 2078,
    "MOVE CRANK": 2079,
    "pour jug from button": 2080,
    "take water from jug": 2081,
    "throw book at beautifulornamented": 2082,
    "PUSH BUTTON": 2083,
    "throw rezrov at beautifulornamented": 2084,
    "open shredded with button": 2085,
    "climb down spell": 2086,
    "GET SHREDDED SCROLL": 2087,
    "close button": 2088,
    "put down slide": 2089,
    "READ IT": 2090,
    "throw emerald at button": 2091,
    "look button": 2092,
    "close beautifulornamented": 2093,
    "open mirrors with button": 2094,
    "open loaf with button": 2095,
    "close emerald": 2096,
    "throw book at button": 2097,
    "throw battered at button": 2098,
    "put down shredded": 2099,
    "throw button at formations": 2100,
    "open gate with button": 2101,
    "break button with tower": 2102,
    "cast blorb at shredded": 2103,
    "break button": 2104,
    "take spell button": 2105,
    "break button with loaf": 2106,
    "put down button": 2107,
    "blorb jug": 2108,
    "GET CRUMPLED SCROLL": 2109,
    "throw golden at button": 2110,
    "GNUSTO KREBF SPELL": 2111,
    "close gate": 2112,
    "open forest with button": 2113,
    "LEARN KREBF": 2114,
    "open faded with strong": 2115,
    "KREBF SHREDDED SCROLL": 2116,
    "cast blorb at loaf": 2117,
    "open krebf with button": 2118,
    "throw nitfol at button": 2119,
    "READ FADED SCROLL": 2120,
    "open loaf with emerald": 2121,
    "open frotz with emerald": 2122,
    "GNUSTO ZIFMIA SPELL": 2123,
    "open lantern with emerald": 2124,
    "open nitfol with emerald": 2125,
    "throw book at spell": 2126,
    "blorb beautifulornamented": 2127,
    "LEARN NITFOL": 2128,
    "open nitfol with button": 2129,
    "open strong with button": 2130,
    "NITFOL FROGS": 2131,
    "open frotz with button": 2132,
    "fill jug": 2133,
    "LOOK UNDER LILY PAD": 2134,
    "throw frotz at button": 2135,
    "throw slide at spell": 2136,
    "READ DAMP SCROLL": 2137,
    "blorb beautiful": 2138,
    "GNUSTO CLEESH SPELL": 2139,
    "throw loaf at button": 2140,
    "open cleesh with button": 2141,
    "close golden": 2142,
    "take dusty": 2143,
    "open room with button": 2144,
    "put down beautifulornamented": 2145,
    "throw slide at book": 2146,
    "throw loaf at book": 2147,
    "EXAMINE TRACKS": 2148,
    "open gondar with button": 2149,
    "REACH INTO HOLE": 2150,
    "look at dusty with jug": 2151,
    "look at door with window": 2152,
    "Take book": 2153,
    "open zifmia with button": 2154,
    "EAT BREAD": 2155,
    "open slide with dusty": 2156,
    "cast blorb at dusty": 2157,
    "open passage with button": 2158,
    "open button with dusty": 2159,
    "EXAMINE dusty book": 2160,
    "throw cleesh at button": 2161,
    "open castle with button": 2162,
    "enter gate": 2163,
    "READ OF UNSEEN TERROR": 2164,
    "break button with book": 2165,
    "close scrambled": 2166,
    "open loaf with old": 2167,
    "DROP DUSTY BOOK": 2168,
    "READ FRAYED SCROLL": 2169,
    "throw gondar at button": 2170,
    "GNUSTO GONDAR SPELL": 2171,
    "open glass with button": 2172,
    "throw beautiful at button": 2173,
    "open path with button": 2174,
    "climb hills": 2175,
    "throw slide at zifmia": 2176,
    "lie down zifmia": 2177,
    "throw cleesh at tower": 2178,
    "throw golden at zifmia": 2179,
    "open cleesh with emerald": 2180,
    "break emerald": 2181,
    "throw book at zifmia": 2182,
    "pour zifmia from bed": 2183,
    "close slide": 2184,
    "open slide with zifmia": 2185,
    "LIE DOWN": 2186,
    "open vaxum with emerald": 2187,
    "STAND UP": 2188,
    "open krebf with emerald": 2189,
    "EXAMINE POST": 2190,
    "turn off lantern": 2191,
    "open ornate with emerald": 2192,
    "open krebf with diamond-studded": 2193,
    "PRESS BUTTON": 2194,
    "throw slide at button": 2195,
    "open blorb with diamond-studded": 2196,
    "GET GOLD LEAF SCROLL": 2197,
    "push ornate": 2198,
    "open castle with emerald": 2199,
    "open corridors with emerald": 2200,
    "throw slide at tower": 2201,
    "GNUSTO VAXUM SPELL": 2202,
    "throw frotz at zifmia": 2203,
    "throw krebf at zifmia": 2204,
    "put down emerald": 2205,
    "open button with zifmia": 2206,
    "throw button at zifmia": 2207,
    "open rezrov with emerald": 2208,
    "pour zifmia from cell": 2209,
    "throw zifmia at loaf": 2210,
    "READ WRITINGS": 2211,
    "throw lantern at zifmia": 2212,
    "MOVE BLOCK": 2213,
    "throw frotz at silver": 2214,
    "throw stained at spell": 2215,
    "take silver from spell": 2216,
    "throw cleesh at zifmia": 2217,
    "GET STAINED SCROLL": 2218,
    "throw krebf at silver": 2219,
    "throw rezrov at zifmia": 2220,
    "GNUSTO EXEX SPELL": 2221,
    "open cell with emerald": 2222,
    "open walls with emerald": 2223,
    "open corridor with emerald": 2224,
    "break zifmia with emerald": 2225,
    "open exex with emerald": 2226,
    "throw zifmia at path": 2227,
    "put battered in rainbow": 2228,
    "throw gondar at rainbow": 2229,
    "throw zifmia at rainbow": 2230,
    "open blorb with button": 2231,
    "throw emerald at rainbow": 2232,
    "throw loaf at rainbow": 2233,
    "throw frotz at rainbow": 2234,
    "throw battered at rainbow": 2235,
    "NITFOL TURTLE": 2236,
    "open meadow with emerald": 2237,
    "TURTLE, FOLLOW ME": 2238,
    "take rainbow loaf": 2239,
    "open hammer with button": 2240,
    "throw rainbow at jug": 2241,
    "throw button at rainbow": 2242,
    "LEARN EXEX": 2243,
    "put battered in scrambled": 2244,
    "EXEX TURTLE": 2245,
    "break rainbow with button": 2246,
    "open machine with button": 2247,
    "throw krebf at rainbow": 2248,
    "TURTLE, SE AND GET SCROLL THEN NW": 2249,
    "take rainbow button": 2250,
    "look at rainbow with spell": 2251,
    "READ BRITTLE SCROLL": 2252,
    "open brittle with button": 2253,
    "take zifmia loaf": 2254,
    "open quantity with emerald": 2255,
    "break button with persons": 2256,
    "open lighted with golden": 2257,
    "TURN OFF LANTERN": 2258,
    "put scroll in niche": 2259,
    "LOOK": 2260,
    "MOVE LIGHTED PORTRAIT": 2261,
    "open lighted with button": 2262,
    "look candle": 2263,
    "put brittle in niche": 2264,
    "GET BLACK SCROLL": 2265,
    "throw blorb at road": 2266,
    "frotz strong": 2267,
    "look at road with strong": 2268,
    "open road with strong": 2269,
    "look at road with sign": 2270,
    "look at road with spell": 2271,
    "throw book at road": 2272,
    "lie down road": 2273,
    "take spell road": 2274,
    "throw spell at road": 2275,
    "empty bucket to machine": 2276,
    "take machine": 2277,
    "push ball to bucket": 2278,
    "push bucket to tree": 2279,
    "put ball in tree": 2280,
    "empty tree to bucket": 2281,
    "point machine at tree": 2282,
    "push machine to assembly": 2283,
    "get ball": 2284,
    "take acorns": 2285,
    "take ball off bucket": 2286,
    "put ball in machine": 2287,
    "turn on machine": 2288,
    "take acorns off bucket": 2289,
    "turn off machine": 2290,
    "push ball to assembly": 2291,
    "push ball to machine": 2292,
    "fix bucket with acorn": 2293,
    "turn machine on": 2294,
    "push balls to machine": 2295,
    "take balls": 2296,
    "put machine down": 2297,
    "push bucket to machine": 2298,
    "put ball in bucket": 2299,
    "push ball to tree": 2300,
    "take ball off machine": 2301,
    "put ball down": 2302,
    "push bucket to assembly": 2303,
    "empty tree to machine": 2304,
    "put acorns in bucket": 2305,
    "push balls to assembly": 2306,
    "point machine at bucket": 2307,
    "empty machine to bucket": 2308,
    "put bucket in tree": 2309,
    "empty tree": 2310,
    "empty bucket to tree": 2311,
    "turn machine off": 2312,
    "put bucket in machine": 2313,
    "put acorns down": 2314,
    "put acorns in tree": 2315,
    "put bucket down": 2316,
    "take ball": 2317,
    "empty bucket": 2318,
    "put balls in bucket": 2319,
    "push balls to tree": 2320,
    "empty machine to tree": 2321,
    "take ball off tree": 2322,
    "put balls in machine": 2323,
    "examine assembly": 2324,
    "put balls down": 2325,
    "empty machine": 2326,
    "take bolt": 2327,
    "put lamplens down": 2328,
    "take bolt off thighband": 2329,
    "take bolts": 2330,
    "turn lamplens off": 2331,
    "put thighband down": 2332,
    "take off lamplens": 2333,
    "turn lamplens on": 2334,
    "cock crossbow": 2335,
    "examine water": 2336,
    "shoot prey": 2337,
    "left": 2338,
    "x shape": 2339,
    "take rags": 2340,
    "get in backwards": 2341,
    "bandage arm with rags": 2342,
    "put on lamplens": 2343,
    "get in shallow": 2344,
    "ahead": 2345,
    "push thighband to floor": 2346,
    "push lamplens to floor": 2347,
    "get in crawl": 2348,
    "take off thighband": 2349,
    "put on thighband": 2350,
    "take lamplens": 2351,
    "put bolts down": 2352,
    "examine thighband": 2353,
    "get in passage": 2354,
    "x bats": 2355,
    "put bolts in thighband": 2356,
    "get in chimney": 2357,
    "get in wide": 2358,
    "get in pit": 2359,
    "take bolts off thighband": 2360,
    "put bolt in thighband": 2361,
    "put bolt down": 2362,
    "put wristwatch down": 2363,
    "push wristwatch to log": 2364,
    "take wristwatch": 2365,
    "examine pedlar": 2366,
    "put other on log": 2367,
    "ask that other west": 2368,
    "ask pedlar about suitcase": 2369,
    "take off wristwatch": 2370,
    "ask pedlar about beans": 2371,
    "put on wristwatch": 2372,
    "take other off plot": 2373,
    "take leaves": 2374,
    "pour milkbottle": 2375,
    "push note to battered": 2376,
    "take other off milkbottle": 2377,
    "get in shed": 2378,
    "get milkbottle": 2379,
    "ask that other north": 2380,
    "put milkbottle down": 2381,
    "take pond": 2382,
    "put water on plot": 2383,
    "take pumpkin": 2384,
    "undo other with pond": 2385,
    "examine vegetable plot": 2386,
    "push pumpkin to plot": 2387,
    "pull leaves": 2388,
    "inventory": 2389,
    "take off other": 2390,
    "get in other": 2391,
    "push note to plot": 2392,
    "feed turnip to daisy": 2393,
    "get in cow": 2394,
    "push other to milkbottle": 2395,
    "push note to log": 2396,
    "undo packet": 2397,
    "pour packet": 2398,
    "put packet down": 2399,
    "push magic to log": 2400,
    "put packet on log": 2401,
    "examine packet": 2402,
    "take packet": 2403,
    "open packet": 2404,
    "push note to packet": 2405,
    "get magic bean": 2406,
    "put magic down": 2407,
    "push note to milkbottle": 2408,
    "look in plant": 2409,
    "close packet": 2410,
    "in": 2411,
    "get secateurs": 2412,
    "take plant": 2413,
    "get paintbrush": 2414,
    "examine plant pots": 2415,
    "put trowel down": 2416,
    "get pots": 2417,
    "put wristwatch in metal": 2418,
    "pour metal": 2419,
    "get trowel": 2420,
    "put paintbrush down": 2421,
    "push packet to metal": 2422,
    "open trunk": 2423,
    "put milkbottle on plot": 2424,
    "undo some with gardening": 2425,
    "get dynamite": 2426,
    "put sticks down": 2427,
    "out": 2428,
    "put packet on plot": 2429,
    "push other to plot": 2430,
    "plant bean in vegetable plot": 2431,
    "fill milkbottle with pondwater": 2432,
    "push pair to metal": 2433,
    "water bean": 2434,
    "put right in distressed": 2435,
    "pour little": 2436,
    "climb beanstalk": 2437,
    "put medium in sized": 2438,
    "pour sized": 2439,
    "put sticks in sized": 2440,
    "jump to roof": 2441,
    "take dead": 2442,
    "pour matchbox in shelves": 2443,
    "put wristwatch on shelves": 2444,
    "climb down chimney": 2445,
    "put pair down": 2446,
    "put matchbox down": 2447,
    "examine mousetrap": 2448,
    "pour matchbox in freezer": 2449,
    "undo some with matchbox": 2450,
    "get cheese": 2451,
    "undo some with oats": 2452,
    "open freezer": 2453,
    "undo some with spoon": 2454,
    "put spoon down": 2455,
    "undo kitchen": 2456,
    "get pork chops": 2457,
    "take three": 2458,
    "take thin": 2459,
    "put paintbrush on little": 2460,
    "undo some with thin": 2461,
    "put wristwatch on sized": 2462,
    "put packet on medium": 2463,
    "put cheese on little": 2464,
    "push thin to medium": 2465,
    "ask wolf about pigs": 2466,
    "get in huge": 2467,
    "put wristwatch on medium": 2468,
    "give pork to wolf": 2469,
    "put cheese on large": 2470,
    "undo some with magazine": 2471,
    "put paintbrush on coffee": 2472,
    "drop secateurs": 2473,
    "give some little": 2474,
    "put hot in distressed": 2475,
    "push matchbox to freezer": 2476,
    "push matchbox to shelves": 2477,
    "put sticks in freezer": 2478,
    "close freezer": 2479,
    "pour large": 2480,
    "put matchbox on dining": 2481,
    "take porridge off little": 2482,
    "get matchbox": 2483,
    "put cheese on coffee": 2484,
    "put sticks on large": 2485,
    "take magazine": 2486,
    "undo some with antimacassar": 2487,
    "get in little": 2488,
    "put packet on coffee": 2489,
    "put matchbox on coffee": 2490,
    "push firewood to large": 2491,
    "push magazine to coffee": 2492,
    "take firewood": 2493,
    "sit in tiny little chair": 2494,
    "put matchbox on large": 2495,
    "pour matchbox": 2496,
    "put firewood down": 2497,
    "get firewood": 2498,
    "push mousetrap to freezer": 2499,
    "put packet on shelves": 2500,
    "put cheese in kitchen": 2501,
    "put sized on dining": 2502,
    "examine fireplace": 2503,
    "pour sized in little": 2504,
    "take hot off large": 2505,
    "examine ash": 2506,
    "push sized to dining": 2507,
    "pour matchbox in sized": 2508,
    "push hot to dining": 2509,
    "put firewood on hearth": 2510,
    "put cheese on dining": 2511,
    "push spoon to dining": 2512,
    "light firewood with match": 2513,
    "close kitchen": 2514,
    "cook pork chops": 2515,
    "examine distressed": 2516,
    "put three down": 2517,
    "put wristwatch on huge": 2518,
    "pour matchbox in huge": 2519,
    "put paintbrush on huge": 2520,
    "put sticks on sized": 2521,
    "get in rug": 2522,
    "give pork chops to wolf": 2523,
    "put sticks in battered": 2524,
    "put paintbrush in battered": 2525,
    "put brass in battered": 2526,
    "wedge door with cheese": 2527,
    "take overripe": 2528,
    "push small to vegetable": 2529,
    "push note to vegetable": 2530,
    "ask wolf to blow turbine": 2531,
    "get oil can": 2532,
    "take cheese": 2533,
    "push rug to distressed": 2534,
    "put rug down": 2535,
    "put oil down": 2536,
    "drop matchbox": 2537,
    "get rug": 2538,
    "put paintbrush on dining": 2539,
    "put paintbrush on shelves": 2540,
    "put rug in freezer": 2541,
    "pour mousetrap": 2542,
    "put paintbrush in freezer": 2543,
    "get porridge oats": 2544,
    "push dead to freezer": 2545,
    "push mousetrap to shelves": 2546,
    "put brass on shelves": 2547,
    "examine porridge oats": 2548,
    "put oil on shelves": 2549,
    "open carton": 2550,
    "put pendant in freezer": 2551,
    "push pendant to shelves": 2552,
    "get pendant": 2553,
    "put carton down": 2554,
    "put wristwatch in freezer": 2555,
    "drop carton": 2556,
    "wear pendant": 2557,
    "put pendant down": 2558,
    "take rug": 2559,
    "put on rug": 2560,
    "examine wardrobe": 2561,
    "take off pendant": 2562,
    "unlock wardrobe with key": 2563,
    "put brass in wardrobe": 2564,
    "close wardrobe": 2565,
    "push paintbrush to wardrobe": 2566,
    "put wristwatch in wardrobe": 2567,
    "open wardrobe": 2568,
    "take of": 2569,
    "get dumbells": 2570,
    "push cold to dining": 2571,
    "push oil to dining": 2572,
    "take porridge off sized": 2573,
    "eat little": 2574,
    "get spoon": 2575,
    "undo some with gigantic": 2576,
    "push sized to kitchen": 2577,
    "examine dresser": 2578,
    "put pendant in gigantic": 2579,
    "put of on dining": 2580,
    "put spoon on shelves": 2581,
    "get gigantic bowl": 2582,
    "take sized": 2583,
    "pour hot porridge in gigantic bowl": 2584,
    "put gigantic in sized": 2585,
    "put little in kitchen": 2586,
    "pour cold porridge in gigantic bowl": 2587,
    "push large to kitchen": 2588,
    "put oil in sized": 2589,
    "eat tiny bowl of porridge": 2590,
    "put pendant on dining": 2591,
    "put paintbrush in gigantic": 2592,
    "eat gigantic quantity of just-right porridge": 2593,
    "take oil": 2594,
    "drop gigantic bowl": 2595,
    "push wardrobe": 2596,
    "put set in wardrobe": 2597,
    "pour wardrobe": 2598,
    "take sticks": 2599,
    "put rug on large": 2600,
    "put set down": 2601,
    "put spectacles down": 2602,
    "sit in medium-sized chair": 2603,
    "get spectacles": 2604,
    "put spectacles on coffee": 2605,
    "drop dumbells": 2606,
    "put rug in wardrobe": 2607,
    "put on spectacles": 2608,
    "move wardrobe": 2609,
    "put ratty down": 2610,
    "examine skeleton": 2611,
    "put pendant in wardrobe": 2612,
    "put blackened in wardrobe": 2613,
    "push blackened to wardrobe": 2614,
    "push brass to wardrobe": 2615,
    "examine washing machine": 2616,
    "put of in wardrobe": 2617,
    "put wristwatch in machine": 2618,
    "open washing machine": 2619,
    "put of in machine": 2620,
    "open washing machine with poker": 2621,
    "push brass to machine": 2622,
    "pour machine": 2623,
    "put spoon in wardrobe": 2624,
    "put blackened in machine": 2625,
    "search sludge": 2626,
    "put rug in machine": 2627,
    "examine tiny metal": 2628,
    "get brass key": 2629,
    "put tiny in machine": 2630,
    "examine fusebox": 2631,
    "put paintbrush in wardrobe": 2632,
    "put tiny down": 2633,
    "put spoon in machine": 2634,
    "examine volt meter": 2635,
    "put brass in machine": 2636,
    "examine switch A": 2637,
    "push oil to wardrobe": 2638,
    "examine switch b": 2639,
    "put oil in battered": 2640,
    "press switch b": 2641,
    "get in large": 2642,
    "put wristwatch on coffee": 2643,
    "put blackened down": 2644,
    "put brass on coffee": 2645,
    "examine large chair": 2646,
    "get antimacassar": 2647,
    "examine electrodes": 2648,
    "push secateurs to coffee": 2649,
    "drop brass key": 2650,
    "get in sized": 2651,
    "drop antimacassar": 2652,
    "drop spoon": 2653,
    "put magazine down": 2654,
    "cut electrodes with of": 2655,
    "take spoon": 2656,
    "cut cable": 2657,
    "put tiny on coffee": 2658,
    "oil secateurs": 2659,
    "put spectacles in wardrobe": 2660,
    "put wristwatch on log": 2661,
    "pick three up": 2662,
    "push milkbottle to battered": 2663,
    "take milkbottle": 2664,
    "put note in battered": 2665,
    "put milkbottle in battered": 2666,
    "examine stage": 2667,
    "examine compass with jacket": 2668,
    "look behind table": 2669,
    "examine chair": 2670,
    "get in corner": 2671,
    "examine southeastern": 2672,
    "examine jacket": 2673,
    "x stranger": 2674,
    "sit on chair": 2675,
    "insult joe": 2676,
    "put jacket on tables": 2677,
    "examine spotlights": 2678,
    "examine dark with jacket": 2679,
    "examine bouncer": 2680,
    "examine clothes": 2681,
    "look behind machines": 2682,
    "examine handful": 2683,
    "examine sw": 2684,
    "examine vincent": 2685,
    "insult vincent": 2686,
    "norbert": 2687,
    "search machines": 2688,
    "examine machines": 2689,
    "set thermostat to warm": 2690,
    "examine sweater": 2691,
    "examine ralph": 2692,
    "put jacket on chair": 2693,
    "x posse": 2694,
    "examine posse with sweater": 2695,
    "examine posse": 2696,
    "take sweater": 2697,
    "put sweater down": 2698,
    "examine street": 2699,
    "look behind loudspeaker": 2700,
    "wear sweater": 2701,
    "wear jacket": 2702,
    "examine nw": 2703,
    "examine drinks": 2704,
    "talk to sleaze": 2705,
    "examine educational": 2706,
    "take off sweater": 2707,
    "look in bar": 2708,
    "examine sleaze with bar": 2709,
    "examine other": 2710,
    "point at cola": 2711,
    "look behind bar": 2712,
    "put sweater on bar": 2713,
    "examine couch": 2714,
    "examine bimbo": 2715,
    "take cola": 2716,
    "look behind couch": 2717,
    "examine pass": 2718,
    "examine plant": 2719,
    "give cola to guard": 2720,
    "put pass down": 2721,
    "look under sofa": 2722,
    "give sleaze vip": 2723,
    "take pass": 2724,
    "examine bar with drinks": 2725,
    "examine sleaze": 2726,
    "give pass to sleaze": 2727,
    "search guard": 2728,
    "examine taser": 2729,
    "tase sleaze": 2730,
    "put taser down": 2731,
    "put jacket on bar": 2732,
    "examine sleaze with jacket": 2733,
    "point at vodka": 2734,
    "scrape vodka off bimbo": 2735,
    "examine vodka": 2736,
    "pour vodka in cola": 2737,
    "examine compass": 2738,
    "examine dark": 2739,
    "examine tables": 2740,
    "examine thermostat": 2741,
    "examine gus": 2742,
    "examine satchel": 2743,
    "examine satchel with jukebox": 2744,
    "look behind tables": 2745,
    "examine cigar": 2746,
    "examine jacket with bouncer": 2747,
    "examine guy": 2748,
    "examine guard": 2749,
    "look behind guard": 2750,
    "put taser on bar": 2751,
    "look in chair": 2752,
    "examine barkeep": 2753,
    "examine clubbers": 2754,
    "examine portraits": 2755,
    "look behind jukebox": 2756,
    "examine bouncer with clothes": 2757,
    "take amulet": 2758,
    "put amulet down": 2759,
    "get amulet": 2760,
    "put jeweled down": 2761,
    "put torch down": 2762,
    "take brass off torch": 2763,
    "get shovel": 2764,
    "take button off torch": 2765,
    "put amulet in slot": 2766,
    "put button down": 2767,
    "take button off emergency": 2768,
    "open toilet": 2769,
    "put stone on middle": 2770,
    "put torch in right": 2771,
    "take pebble": 2772,
    "put pebble on second disk": 2773,
    "take cube": 2774,
    "take necklace off iron": 2775,
    "take necklace": 2776,
    "examine button": 2777,
    "examine torch": 2778,
    "push ignite": 2779,
    "push labelled": 2780,
    "take button": 2781,
    "undo pressure": 2782,
    "take switch": 2783,
    "put switch down": 2784,
    "turn switch on": 2785,
    "turn switch off": 2786,
    "x bed": 2787,
    "undo door with key": 2788,
    "push switch to bed": 2789,
    "x key": 2790,
    "x gauge": 2791,
    "lock door with key": 2792,
    "x switch": 2793,
    "push switch": 2794,
    "open guage": 2795,
    "examine south": 2796,
    "examine switch": 2797,
    "close pressure": 2798,
    "put key on bed": 2799,
    "x guard": 2800,
    "push key to box": 2801,
    "push chaff to box": 2802,
    "empty box": 2803,
    "put key in box": 2804,
    "put chaff down": 2805,
    "take grenade": 2806,
    "x grenade": 2807,
    "put chaff in box": 2808,
    "put chaff in cupboard": 2809,
    "empty cupboard": 2810,
    "turn button on": 2811,
    "x panels": 2812,
    "x cupboard": 2813,
    "close cupboard": 2814,
    "pull pin": 2815,
    "put grenade in cupboard": 2816,
    "push key to cupboard": 2817,
    "x electronics": 2818,
    "put steel down": 2819,
    "take steel": 2820,
    "x camera": 2821
}